{"count":1,"self":11764.4566528,"total":128360.54305539999,"children":{"InitializeActuators":{"count":15,"self":0.002509,"total":0.002509,"children":null},"InitializeSensors":{"count":15,"self":0.002509,"total":0.002509,"children":null},"AgentSendState":{"count":10365355,"self":43.6602624,"total":7474.74827,"children":{"CollectObservations":{"count":22211475,"self":3714.1450751999996,"total":3714.1451869999996,"children":null},"WriteActionMask":{"count":22211475,"self":8.1115567999999989,"total":8.1115567999999989,"children":null},"RequestDecision":{"count":22211475,"self":31.170121599999998,"total":3708.8312650999997,"children":{"AgentInfo.ToProto":{"count":22211475,"self":31.377910399999998,"total":3677.6611424999996,"children":{"GenerateSensorData":{"count":22211475,"self":3646.2833664,"total":3646.2832331,"children":null}}}}}}},"DecideAction":{"count":10365355,"self":108694.011904,"total":108694.0126589,"children":null},"AgentAct":{"count":10365355,"self":406.3896064,"total":406.3895966,"children":null},"AgentInfo.ToProto":{"count":79314,"self":0.42780769999999996,"total":20.9309387,"children":{"GenerateSensorData":{"count":79314,"self":20.5031312,"total":20.503131,"children":null}}}},"gauges":{"Movement_V6.CumulativeReward":{"count":79314,"max":-60.92578,"min":-2582.35425,"runningAverage":-590.4232,"value":-438.5135,"weightedAverage":-655.1332}},"metadata":{"timer_format_version":"0.1.0","start_time_seconds":"1709140120","unity_version":"2022.3.16f1","command_line_arguments":"C:\\Program Files\\Unity\\Hub\\Editor\\2022.3.16f1\\Editor\\Unity.exe -projectpath C:\\Users\\m-uba\\Pacman MLAgent -useHub -hubIPC -cloudEnvironment production -licensingIpc LicenseClient-m-uba -hubSessionId 8aea55d2-fef4-4bae-be4e-4f4e3d36befc -accessToken jNwr9rxljN9beWC9b39rUhi79nVavsCbD3wibL9Qxo4004f","communication_protocol_version":"1.5.0","com.unity.ml-agents_version":"2.0.1","scene_name":"MultiEnvironment","end_time_seconds":"1709268480"}}