{"count":1,"self":21433.8453504,"total":150380.9972774,"children":{"InitializeActuators":{"count":15,"self":0.0010412,"total":0.0010412,"children":null},"InitializeSensors":{"count":15,"self":0.0030020999999999997,"total":0.0030020999999999997,"children":null},"AgentSendState":{"count":17832563,"self":73.8382208,"total":13186.120362099999,"children":{"CollectObservations":{"count":38212635,"self":6580.4521472,"total":6580.452061,"children":null},"WriteActionMask":{"count":38212635,"self":12.743313599999999,"total":12.7433134,"children":null},"RequestDecision":{"count":38212635,"self":54.0947712,"total":6519.0867675,"children":{"AgentInfo.ToProto":{"count":38212635,"self":49.990528,"total":6464.9919962999993,"children":{"GenerateSensorData":{"count":38212635,"self":6415.0016,"total":6415.0014668999993,"children":null}}}}}}},"DecideAction":{"count":17832563,"self":114808.651776,"total":114808.6458747,"children":null},"AgentAct":{"count":17832563,"self":903.1048192,"total":903.1048413,"children":null},"AgentInfo.ToProto":{"count":174731,"self":0.8433025,"total":49.275091599999996,"children":{"GenerateSensorData":{"count":174731,"self":48.4317888,"total":48.431789099999996,"children":null}}}},"gauges":{"Movement_V7.CumulativeReward":{"count":174731,"max":-93.501564,"min":-6847.86475,"runningAverage":-377.6291,"value":-312.2699,"weightedAverage":-333.9086}},"metadata":{"timer_format_version":"0.1.0","start_time_seconds":"1709352064","unity_version":"2022.3.16f1","command_line_arguments":"C:\\Program Files\\Unity\\Hub\\Editor\\2022.3.16f1\\Editor\\Unity.exe -projectpath C:\\Users\\m-uba\\Pacman MLAgent -useHub -hubIPC -cloudEnvironment production -licensingIpc LicenseClient-m-uba -hubSessionId 8aea55d2-fef4-4bae-be4e-4f4e3d36befc -accessToken jNwr9rxljN9beWC9b39rUhi79nVavsCbD3wibL9Qxo4004f","communication_protocol_version":"1.5.0","com.unity.ml-agents_version":"2.0.1","scene_name":"MultiEnvironment","end_time_seconds":"1709502445"}}