{
    "name": "root",
    "metadata": {
        "timer_format_version": "0.1.0",
        "start_time_seconds": "1708319181",
        "python_version": "3.7.9 (tags/v3.7.9:13c94747c7, Aug 17 2020, 18:58:18) [MSC v.1900 64 bit (AMD64)]",
        "command_line_arguments": "C:\\Users\\m-uba\\Pacman MLAgent\\venv\\Scripts\\mlagents-learn --force",
        "mlagents_version": "0.29.0",
        "mlagents_envs_version": "0.29.0",
        "communication_protocol_version": "1.5.0",
        "pytorch_version": "1.7.0+cu110",
        "numpy_version": "1.21.2",
        "end_time_seconds": "1708319333"
    },
    "total": 151.7496046,
    "count": 1,
    "self": 0.008657600000020693,
    "children": {
        "run_training.setup": {
            "total": 0.06255689999999992,
            "count": 1,
            "self": 0.06255689999999992
        },
        "TrainerController.start_learning": {
            "total": 151.67839009999997,
            "count": 1,
            "self": 0.03566879999965522,
            "children": {
                "TrainerController._reset_env": {
                    "total": 8.1174795,
                    "count": 1,
                    "self": 8.1174795
                },
                "TrainerController.advance": {
                    "total": 143.2952849000003,
                    "count": 1067,
                    "self": 0.03555040000060217,
                    "children": {
                        "env_step": {
                            "total": 142.1923398999998,
                            "count": 1067,
                            "self": 134.96704539999982,
                            "children": {
                                "SubprocessEnvManager._take_step": {
                                    "total": 7.20348270000002,
                                    "count": 1068,
                                    "self": 0.10969889999987004,
                                    "children": {
                                        "TorchPolicy.evaluate": {
                                            "total": 7.09378380000015,
                                            "count": 1068,
                                            "self": 2.3141545000001607,
                                            "children": {
                                                "TorchPolicy.sample_actions": {
                                                    "total": 4.779629299999989,
                                                    "count": 1068,
                                                    "self": 4.779629299999989
                                                }
                                            }
                                        }
                                    }
                                },
                                "workers": {
                                    "total": 0.021811799999957415,
                                    "count": 1066,
                                    "self": 0.0,
                                    "children": {
                                        "worker_root": {
                                            "total": 27.810716000000006,
                                            "count": 1066,
                                            "is_parallel": true,
                                            "self": 11.773537500000046,
                                            "children": {
                                                "steps_from_proto": {
                                                    "total": 0.0015972000000008535,
                                                    "count": 2,
                                                    "is_parallel": true,
                                                    "self": 0.00039140000000426056,
                                                    "children": {
                                                        "_process_rank_one_or_two_observation": {
                                                            "total": 0.001205799999996593,
                                                            "count": 4,
                                                            "is_parallel": true,
                                                            "self": 0.001205799999996593
                                                        }
                                                    }
                                                },
                                                "UnityEnvironment.step": {
                                                    "total": 16.03558129999996,
                                                    "count": 1066,
                                                    "is_parallel": true,
                                                    "self": 0.344631899999877,
                                                    "children": {
                                                        "UnityEnvironment._generate_step_input": {
                                                            "total": 0.11890120000007443,
                                                            "count": 1066,
                                                            "is_parallel": true,
                                                            "self": 0.11890120000007443
                                                        },
                                                        "communicator.exchange": {
                                                            "total": 14.284295300000062,
                                                            "count": 1066,
                                                            "is_parallel": true,
                                                            "self": 14.284295300000062
                                                        },
                                                        "steps_from_proto": {
                                                            "total": 1.2877528999999477,
                                                            "count": 1066,
                                                            "is_parallel": true,
                                                            "self": 0.3419095999996582,
                                                            "children": {
                                                                "_process_rank_one_or_two_observation": {
                                                                    "total": 0.9458433000002895,
                                                                    "count": 2132,
                                                                    "is_parallel": true,
                                                                    "self": 0.9458433000002895
                                                                }
                                                            }
                                                        }
                                                    }
                                                }
                                            }
                                        }
                                    }
                                }
                            }
                        },
                        "trainer_advance": {
                            "total": 1.06739459999989,
                            "count": 1066,
                            "self": 0.049253899999857964,
                            "children": {
                                "process_trajectory": {
                                    "total": 1.018140700000032,
                                    "count": 1066,
                                    "self": 1.018140700000032
                                }
                            }
                        }
                    }
                },